user_id,name,password,sex,age,country
user_0,Alex Roux,tq1W#gEc,Male,56,Canada
user_1,Hassan Smith,OZYEGu!2,Male,32,Morocco
user_2,Ali Clark,l&ygg9R6,Female,60,Japan
user_3,Charlotte Bennani,fvT@AnfV,Female,25,France
user_4,Pierre Martinez,!BG8lzWY,Female,38,Canada
user_5,Hassan Morel,m0lB)UOX,Female,56,USA
user_6,Jamie Mercier,cwtp^@wV,Male,36,USA
user_7,Casey Clark,k1M1EQA),Male,28,Morocco
user_8,Jordan Fournier,dhT5EeB),Female,28,Morocco
user_9,Sophie Roux,i@23yvla,Female,41,USA
user_10,Ahmed Fournier,m$!vURl2,Female,53,Australia
user_11,Hassan El Haddad,JiA(6rrO,Male,57,USA
user_12,Manon Brown,(MjV&lLR,Female,20,Morocco
user_13,Marie Lopez,CWA#Greb,Female,39,Germany
user_14,Alex Brown,YeecxLuI,Female,19,UK
user_15,Jamie Girard,IDgVzD!d,Female,29,Morocco
user_16,Taylor Bennani,05hnMknH,Female,47,Canada
user_17,Fatima Girard,!Nd)8*%9,Male,55,USA
user_18,Mohammed Davis,!#laC%4u,Female,19,Morocco
user_19,Casey Davis,v*PN1eQK,Female,18,Morocco
user_20,Taylor Zemmouri,fnQWqi#r,Female,29,France
user_21,Amina Laurent,QL^oZrCW,Male,39,Canada
user_22,Charlotte Fournier,^aSOhMKj,Male,61,India
user_23,Julien Martinez,Al8YS)Va,Female,42,USA
user_24,Charlotte Laurent,h@t#1lup,Male,66,India
user_25,Ahmed Chakib,s$dT7dyj,Female,44,Australia
user_26,Thomas Fassi,NEaf@$N8,Female,59,France
user_27,Amina Jones,dA^*czXW,Male,45,France
user_28,Hassan Roux,l%!(6@b1,Male,33,Japan
user_29,Emma Laurent,!6t4h!9q,Female,32,Japan
user_30,Youssef Lopez,7!qVCue3,Male,32,Morocco
user_31,Sophie Mercier,M^i*m*th,Male,68,Japan
user_32,Amina Durand,(i#ndFL6,Female,61,India
user_33,Youssef El Mansouri,fVxw9Zvw,Male,69,Germany
user_34,Marie Lopez,NnVB1mOD,Female,20,Japan
user_35,Riley Davis,EPVHFpI#,Female,54,India
user_36,Sophie Brown,uVSg&qw6,Male,68,France
user_37,Jamie Chakib,S3G@PZBC,Male,24,USA
user_38,Julien Fournier,9@4p5YHO,Female,38,USA
user_39,Fatima Jones,5W)Q&#SZ,Female,26,France
user_40,Julien Garcia,1IsrT3LT,Male,56,South Korea
user_41,Marie Lopez,qy#fkBlp,Male,35,USA
user_42,Leila Fassi,DoE$QY93,Male,21,India
user_43,Youssef Lopez,29&E1NRp,Male,42,USA
user_44,Mohammed Smith,BW508%(M,Female,31,South Korea
user_45,Jordan Morel,E!nsxGy@,Male,67,USA
user_46,Drew Mercier,fbM)zU4U,Female,26,Japan
user_47,Sam Mercier,bkjWOpY3,Male,43,UK
user_48,Lucas Mercier,lwP%P$B^,Male,19,Canada
user_49,Morgan Simon,39Ri(4yE,Male,37,UK
user_50,Jean El Haddad,aEJFA#Hl,Male,32,Morocco
user_51,Hassan Girard,%3H7Qxr^,Male,24,Australia
user_52,Jamie Fournier,HRBc9np5,Male,29,Morocco
user_53,Leila Smith,LnrDNrIZ,Male,25,India
user_54,Jordan Lopez,pXwPIME1,Male,64,USA
user_55,Drew Lopez,siniM2np,Male,20,Morocco
user_56,Morgan Mercier,nqmbMt(N,Female,31,India
user_57,Jean Fournier,J!PHFnd^,Male,34,France
user_58,Amal Chakib,fTdkOv)i,Female,53,USA
user_59,Lucas Zemmouri,B$vQEOe*,Male,67,UK
user_60,Jean Davis,tfrNlDXH,Male,57,Germany
user_61,Marie Lopez,YGX%4TV^,Male,21,India
user_62,Jean Jones,$7flw1Ou,Male,19,UK
user_63,Marie Bennani,^KJfcFxs,Male,23,India
user_64,Lucas Laurent,7P2mLFu),Male,59,USA
user_65,Jordan Chakib,zxW9xXu&,Female,21,Morocco
user_66,Fatima Brown,wx*DL)VN,Male,46,USA
user_67,Ahmed Benchekroun,SJFdtju@,Male,35,Germany
user_68,Jean Durand,5ZwaDq8i,Female,43,USA
user_69,Mohammed Simon,vYDIHGkn,Female,61,France
user_70,Pierre Brown,t4D^K7uv,Female,51,France
user_71,Pierre Jones,GIx2B^!(,Male,27,Morocco
user_72,Jamie Fournier,DwI$B)5U,Male,53,Brazil
user_73,Casey Zemmouri,*xh8h$bk,Female,31,USA
user_74,Jordan Chakib,4tSCfxWM,Female,48,France
user_75,Pierre Raoui,ceT%)1Fh,Female,33,Morocco
user_76,Fatima Garcia,X$d5vAkM,Female,32,Canada
user_77,Chris Garcia,f!Sr$kHs,Male,25,Germany
user_78,Julien Girard,HuNf&)v*,Female,31,USA
user_79,Pierre Lopez,oBIrPP)v,Female,25,Morocco
user_80,Drew Smith,OX1dRJ$u,Female,38,Japan
user_81,Jamie Morel,ns23XjgT,Male,33,Brazil
user_82,Taylor Dupont,Aj$xDo4@,Male,62,South Korea
user_83,Charlotte Clark,7s7I61yi,Female,32,Morocco
user_84,Lucas Martinez,90(*5A4b,Female,41,France
user_85,Youssef Laurent,1sBTAWHS,Female,30,Morocco
user_86,Charlotte Durand,pe7$vDk&,Male,58,India
user_87,Morgan Williams,qMBA&YMQ,Female,32,Morocco
user_88,Jean Williams,8S^uXpGr,Male,62,Japan
user_89,Leila Morel,zCni9GVU,Female,18,Brazil
user_90,Taylor Girard,y)4o7NQ6,Male,42,USA
user_91,Emma Durand,a9kjsmVb,Male,24,France
user_92,Khadija El Haddad,btjEieGA,Female,26,UK
user_93,Ahmed Martinez,&d4!LG*e,Male,18,Morocco
user_94,Amina Laurent,hZF#xkjS,Female,61,Japan
user_95,Amal Durand,MGRhY9U3,Female,25,India
user_96,Amina Fassi,@D7C0wws,Female,41,UK
user_97,Jordan Brown,7gg16OQO,Male,28,Morocco
user_98,Amina Benchekroun,!^E$duwh,Female,68,France
user_99,Sophie Chakib,qh8A2P68,Female,34,France
user_100,Hassan Laurent,7tmYwya!,Female,25,USA
user_101,Jordan Jones,1*gMBGlw,Male,52,Japan
user_102,Julien Johnson,l2dfFERD,Male,52,Canada
user_103,Youssef El Mansouri,hWQLwp(d,Male,50,Canada
user_104,Lucas Jones,3uiJFjMq,Female,22,Germany
user_105,Jordan Bennani,!db%!PPZ,Male,59,Brazil
user_106,Amal Smith,*m&HXAFh,Male,56,Canada
user_107,Ahmed Brown,CwyxmKiK,Female,58,Japan
user_108,Youssef Roux,&Ukhsml2,Male,45,India
user_109,Fatima Fournier,OPX@U)x*,Male,24,Morocco
user_110,Jordan Chakib,FvteKwGe,Female,26,South Korea
user_111,Jean Brown,SKHN5#G6,Female,25,USA
user_112,Hassan Chakib,K&G68(gU,Male,29,India
user_113,Fatima Zemmouri,LlAuDyR4,Female,51,South Korea
user_114,Ali Williams,OBs9*Rkf,Female,50,USA
user_115,Riley Morel,YCQ^wB46,Female,65,India
user_116,Jean Laurent,EAAmp&Jq,Male,40,Canada
user_117,Riley Girard,h38@cy3j,Male,41,USA
user_118,Chris Mercier,XS#ZdAZ*,Female,54,France
user_119,Jamie Raoui,r*4$nWPF,Female,52,South Korea
user_120,Ahmed Zemmouri,EloR!dIA,Female,61,Brazil
user_121,Riley Brown,2t$kF&pG,Male,57,France
user_122,Amina Johnson,CABfqwhZ,Male,39,USA
user_123,Casey Johnson,u7YjYGaf,Male,44,France
user_124,Leila Roux,RE3rirUS,Male,52,France
user_125,Hassan Raoui,bLrkESrD,Female,18,Morocco
user_126,Ahmed Benchekroun,eLK)NCHT,Female,52,Canada
user_127,Thomas Smith,zerVhP2j,Male,54,UK
user_128,Manon Morel,m4HYT6e3,Male,64,India
user_129,Sam Johnson,4@wwC6Ic,Female,31,India
user_130,Youssef Fournier,dVt5FCF&,Male,20,India
user_131,Mohammed Simon,J%L50fR7,Female,18,Germany
user_132,Morgan Brown,xvGZlFG0,Female,22,India
user_133,Drew Morel,(&fTA5W&,Male,43,South Korea
user_134,Taylor Jones,e4ABORW&,Male,31,South Korea
user_135,Khadija Jones,MCUri0JB,Female,56,USA
user_136,Lucas Clark,YpSX)ojf,Male,44,Australia
user_137,Jordan Girard,X8xzeN#9,Female,26,South Korea
user_138,Emma Benchekroun,Kioj4bNA,Female,32,France
user_139,Hassan Brown,eCZIDDPj,Male,32,France
user_140,Fatima Fassi,Wy@4Un*F,Female,43,USA
user_141,Manon Williams,Lvl^q&Lu,Male,59,USA
user_142,Jean Raoui,tTSgUQPm,Female,30,Germany
user_143,Manon Dupont,c!f&3tpP,Female,68,India
user_144,Mohammed Morel,NUvr6DGX,Male,49,USA
user_145,Mohammed Fassi,oRwZ09(j,Male,56,Japan
user_146,Ali Martinez,HtrguBSr,Female,66,Canada
user_147,Manon El Haddad,^Znl)H@J,Male,69,France
user_148,Ahmed Fassi,*pzdJ@VH,Female,49,Japan
user_149,Amina Jones,@02ACPoN,Male,21,Canada
user_150,Fatima Fournier,N7SRjgA),Female,22,Morocco
user_151,Lucas Jones,oKKdjxIG,Female,40,Brazil
user_152,Ali Durand,wCS8QKKJ,Female,56,France
user_153,Manon Smith,AW(Q50Xb,Male,30,Morocco
user_154,Thomas Johnson,QmTS8kXc,Female,32,UK
user_155,Sam Smith,FEDoKSH9,Female,60,Canada
user_156,Ahmed Davis,O)IB&HMN,Female,46,France
user_157,Hassan Chakib,nrOq(vuo,Female,53,Australia
user_158,Mohammed Benchekroun,O^ZuPN#C,Male,30,India
user_159,Riley Johnson,uZyFsIoM,Female,49,France
user_160,Casey Williams,SQrWMTdD,Female,24,Australia
user_161,Sophie Fournier,j*(lV@IU,Female,68,Canada
user_162,Ali Lopez,U$gPM0^$,Male,39,India
user_163,Charlotte Johnson,)CJ^*%@a,Female,45,Germany
user_164,Charlotte El Haddad,u)NJ^9Hn,Male,19,Canada
user_165,Thomas Fassi,UZbyvWnR,Female,59,France
user_166,Manon El Mansouri,LgWnkxrs,Male,62,Japan
user_167,Ali Lopez,PPszrWHl,Female,23,Australia
user_168,Marie Williams,T^Ap&IG),Male,45,India
user_169,Lucas Raoui,572WQ4LM,Male,29,Morocco
user_170,Taylor Mercier,NKPkxLio,Female,61,Canada
user_171,Julien Zemmouri,GejDOOWw,Male,37,Canada
user_172,Manon Smith,1Pdye)^e,Female,47,Australia
user_173,Riley El Mansouri,mjU0*A#G,Female,28,USA
user_174,Amal Brown,XVMVzmMM,Female,45,Brazil
user_175,Manon Smith,2(HZEBqH,Male,42,UK
user_176,Charlotte Roux,3cVS^#re,Female,56,Germany
user_177,Hassan Laurent,Yd1Cqp!e,Female,50,South Korea
user_178,Jamie Mercier,$PP36r@(,Female,18,India
user_179,Riley Clark,e&@$TEJ(,Female,44,Japan
user_180,Emma Zemmouri,wDkB2I9v,Female,69,Brazil
user_181,Charlotte Johnson,O*OjroU%,Female,30,Morocco
user_182,Leila Roux,7dBRcf5Q,Female,58,Canada
user_183,Mohammed Davis,!x&b^*i),Male,20,UK
user_184,Marie Durand,YCrxuHUw,Male,56,UK
user_185,Fatima Williams,502xowd!,Female,23,Morocco
user_186,Drew Raoui,^PEkxB8J,Female,25,USA
user_187,Drew Fournier,7*UJm5mZ,Male,44,India
user_188,Ahmed Johnson,8f6dajTe,Male,26,USA
user_189,Ahmed Fassi,ASWSIJaN,Male,54,UK
user_190,Leila Lopez,b6W6$hgk,Male,50,India
user_191,Manon Benchekroun,tCADO)qX,Female,68,UK
user_192,Jordan Bennani,BNeamJF4,Female,59,USA
user_193,Julien Zemmouri,%q#XOt%X,Male,61,Canada
user_194,Chris El Haddad,bok77%vO,Female,41,USA
user_195,Sophie Raoui,x2k)0K(d,Male,32,Brazil
user_196,Ali Durand,3&C3ct)J,Male,49,USA
user_197,Amina Garcia,WVgS5Zfl,Female,49,Brazil
user_198,Thomas Bennani,whawztjn,Male,41,France
user_199,Morgan Smith,gNQ4!aD4,Female,58,Japan
user_200,Khadija Zemmouri,mBjvJeFE,Male,69,UK
user_201,Youssef Clark,^ZJSGjaC,Female,66,USA
user_202,Emma El Haddad,FF7UQvRY,Male,66,Brazil
user_203,Amal El Haddad,uYJPrB6C,Male,69,Germany
user_204,Khadija Raoui,m3b0^p57,Male,29,Germany
user_205,Sophie Chakib,kvslEBGR,Female,56,Japan
user_206,Charlotte Simon,Ec*Y6Q$h,Male,19,Morocco
user_207,Chris Morel,SOUU*x5h,Male,20,Brazil
user_208,Ahmed Roux,LPPGC3QK,Male,66,UK
user_209,Mohammed Williams,v%g70zy4,Female,54,USA
user_210,Mohammed Williams,FYwv6i9U,Female,66,India
user_211,Charlotte Roux,rmlO*qDn,Female,34,France
user_212,Amal Smith,1@GEapuY,Female,66,South Korea
user_213,Emma Raoui,nxGs!LUQ,Female,19,Canada
user_214,Youssef Benchekroun,8S6YvSgj,Male,19,Canada
user_215,Morgan Garcia,AkBQPEJM,Female,45,India
user_216,Leila Garcia,JkwGdzaj,Female,40,France
user_217,Jean Chakib,DJZFmO5p,Male,22,Morocco
user_218,Leila Lopez,mG13Nii3,Female,49,UK
user_219,Leila Mercier,22FpE0Vr,Female,50,Brazil
user_220,Fatima Clark,z6F)3r6Q,Male,18,USA
user_221,Chris Durand,kooezuMx,Female,36,Japan
user_222,Khadija Clark,&L#6j2De,Male,19,India
user_223,Marie Jones,rZ72WJPt,Male,61,France
user_224,Jordan Morel,53D1Y@GJ,Female,23,Morocco
user_225,Thomas Fassi,TY95C*7J,Male,49,Canada
user_226,Ali Raoui,POIyXdh4,Male,21,India
user_227,Charlotte Garcia,Fa&oXjUl,Female,28,France
user_228,Jordan Morel,zfVUdT02,Male,34,India
user_229,Marie Williams,aIjqWaY6,Female,55,Canada
user_230,Marie Jones,Iqg6hAvB,Female,41,Japan
user_231,Jean Laurent,kMaUF0Tk,Male,22,France
user_232,Pierre Davis,gh2QB*wk,Male,69,South Korea
user_233,Jamie Raoui,RZu^b8@o,Female,51,Canada
user_234,Thomas Bennani,vd#&JiJQ,Female,23,Germany
user_235,Youssef El Haddad,j9OAX2&3,Male,39,USA
user_236,Alex Clark,p%&CuZ3E,Male,28,USA
user_237,Drew Brown,wKo6MCT8,Female,65,France
user_238,Riley Simon,F&rr%iSd,Female,33,USA
user_239,Morgan Smith,YYl&L4Zm,Male,50,France
user_240,Thomas Williams,3c6teZPf,Male,26,Australia
user_241,Taylor Chakib,9ml3#Wi1,Male,23,Brazil
user_242,Jamie Johnson,HBk^9N$1,Male,33,USA
user_243,Jamie El Mansouri,$x7PiWdq,Female,46,India
user_244,Amal Brown,@!3wgGAu,Female,20,USA
user_245,Fatima Benchekroun,QJ3o#2ra,Male,37,UK
user_246,Leila Benchekroun,TXay2B1w,Male,53,UK
user_247,Amina Chakib,*(kudq8D,Female,36,UK
user_248,Thomas Brown,PKTCQeVj,Male,20,Morocco
user_249,Charlotte Girard,C7xGq^j3,Male,36,India
